device,avg_ms
cpu,251.53589999536052
cuda,40.87921000318602
